size, time (in sec) 
32768,0.0198228
65536,0.0291701
131072,0.060434
262144,0.126908
