size, time (in sec) 
32768,0.0180363
65536,0.0408366
131072,0.0841078
262144,0.178022
