size, time (in sec) 
32768,0.021122
65536,0.0369677
131072,0.0765551
262144,0.185668
