size, time (in sec) 
32768,0.021848
65536,0.0502757
131072,0.101941
262144,0.215237
