size, time (in sec) 
32768,0.224073
65536,0.513462
131072,1.0392
262144,2.19344
