size, time (in sec) 
32768,0.331215
65536,0.702107
131072,1.49259
262144,3.13102
