size, time (in sec) 
32768,0.0185619
65536,0.0402154
131072,0.0862816
262144,0.187015
