size, time (in sec) 
32768,0.0190009
65536,0.0325413
131072,0.0688258
262144,0.132567
